;Agregation;Severite
Cosinus;1.1205278908347198;1.122046866191647
Pearson;0.5570465355269278;0.5592007035218485
